ID,CompanyAbbreviation
,國倉機械
,普家康興
,嘉昇
,騜瀧
,和和機械
,國聯機械
,台灣精密齒輪
,承鼎精密
,聖杰
,遠際
,弘訊科技
,邁萃斯精密
,震勵機械
,燿生機械
,暉盛
,印能科技
,傑晃股份
,允坦科技
,長岡機電
,興隆興工業
,新萊應財
,騰升科技
,全懋精密
,川岳機械
,特銓
,太利企業
,宗富齒輪
,泓憶精密
,喬群機械
,光鈦國際
,耀星科技
,武漢機械
,寶虹科技
,勝源機械
,天虹科技
,立霸工業
,永鉅精密
,新代科技
,旻成齒輪
,質昌企業
,凱嘉機械
,成大精機
,世禾科技
,高健雷射
,天珩機械
,儀辰企業
,河馬閥門
,易度企業
,亞泰金屬
,台灣懷霖
,鏵友益科技
,銓達精密
,精浚科技
,凱奕
,創新服務
,讚鋒機械
,兆山辰精密
,同順精密
,台灣托納斯
,三隆齒輪
,新虎將機械
,歐權科技
,法博智能移動
,榮田精機
,君帆工業
,哈伯精密
,元駿國際
,國合科技
,油順精密
,台灣艾司摩爾
,漢克林企業
,捷世達企業
,豪力輝工業
,京瀚科技
,一丞冷凍工業
,日立電梯
,永成峯工程
,鼎坤塑膠機械
,台勵福
,榮興工業
,榮光機械
,圓方圓興業
,歐群科技
